fips,gdp_2024
01001,2251415000
01003,13446245000
01005,985771000
01007,642360000
01009,1534975000
01011,375414000
01013,903761000
01015,6287502000
01017,1240169000
01019,796657000
01021,1655036000
01023,727585000
01025,1129866000
01027,576731000
01029,463647000
01031,2323016000
01033,3558557000
01035,507245000
01037,252383000
01039,1662386000
01041,606446000
01043,4284754000
01045,3915372000
01047,1724275000
01049,3060598000
01051,3118265000
01053,1686284000
01055,4025620000
01057,480172000
01059,1336719000
01061,827451000
01063,283285000
01065,385503000
01067,681050000
01069,8043315000
01071,2144025000
01073,65539202000
01075,473505000
01077,3928523000
01079,864542000
01081,9274891000
01083,6970887000
01085,537792000
01087,764900000
01089,38958201000
01091,1107992000
01093,1328464000
01095,5278383000
01097,30122670000
01099,848061000
01101,19858873000
01103,8388858000
01105,259965000
01107,568767000
01109,2066542000
01111,690235000
01113,2312570000
01115,3156398000
01117,17332832000
01119,451395000
01121,4496315000
01123,1910145000
01125,14447493000
01127,2568468000
01129,1300833000
01131,472602000
01133,1140916000
02013,288918000
02016,1346090000
02020,32113435000
02050,837070000
02060,178787000
02063,1472506000
02066,168943000
02068,413092000
02070,324052000
02090,7891256000
02100,149720000
02105,144185000
02110,3226767000
02122,3590303000
02130,1237489000
02150,989110000
02158,181136000
02164,141719000
02170,4465288000
02180,603156000
02185,8087773000
02188,743508000
02195,216545000
02198,294002000
02220,734692000
02230,128332000
02240,1054753000
02275,118541000
02282,42372000
02290,383666000
04001,2947583000
04003,6576220000
04005,10662231000
04007,2397189000
04009,2015248000
04011,2526152000
04012,848506000
04013,419250222000
04015,9481652000
04017,4065297000
04019,66711927000
04021,16271501000
04023,2843969000
04025,12137366000
04027,11353488000
05001,1354408000
05003,1195590000
05005,2326281000
05007,26125929000
05009,1933546000
05011,471968000
05013,458120000
05015,1308918000
05017,372073000
05019,1071309000
05021,476279000
05023,844061000
05025,235337000
05027,1306485000
05029,1016143000
05031,7259082000
05033,2328337000
05035,2344857000
05037,587781000
05039,340283000
05041,723990000
05043,819092000
05045,5737206000
05047,688949000
05049,237243000
05051,4738099000
05053,668022000
05055,2021448000
05057,1323042000
05059,1578799000
05061,908541000
05063,2636340000
05065,390113000
05067,988026000
05069,3460689000
05071,934942000
05073,221316000
05075,559367000
05077,244787000
05079,379996000
05081,715001000
05083,727412000
05085,2115770000
05087,694638000
05089,773625000
05091,1834235000
05093,4151520000
05095,264531000
05097,209005000
05099,318151000
05101,138670000
05103,862924000
05105,265746000
05107,677572000
05109,401276000
05111,886114000
05113,860204000
05115,4152984000
05117,267389000
05119,41430418000
05121,728724000
05123,943104000
05125,4029131000
05127,505197000
05129,258583000
05131,9255242000
05133,757968000
05135,579835000
05137,365914000
05139,3375420000
05141,483785000
05143,18160038000
05145,3310545000
05147,326734000
05149,895358000
06001,182539223000
06003,146275000
06005,2112319000
06007,12901012000
06009,2074294000
06011,2009841000
06013,96579110000
06015,1088160000
06017,11555433000
06019,64216914000
06021,1468090000
06023,7590512000
06025,12907423000
06027,1555469000
06029,63069657000
06031,9220195000
06033,2694949000
06035,1470539000
06037,1002965029000
06039,8846190000
06041,36853590000
06043,1035723000
06045,4692543000
06047,13282268000
06049,687654000
06051,1564588000
06053,38345355000
06055,14591893000
06057,6221340000
06059,351752654000
06061,34304249000
06063,1481503000
06065,134756586000
06067,135538141000
06069,3284723000
06071,137913905000
06073,331867565000
06075,268321762000
06077,46521159000
06079,24505477000
06081,217017754000
06083,41424520000
06085,438483301000
06087,21092114000
06089,11869690000
06091,127150000
06093,2303711000
06095,37694901000
06097,39448025000
06099,32065240000
06101,5238339000
06103,2869511000
06105,598267000
06107,25414754000
06109,3306314000
06111,69605643000
06113,20507463000
06115,4508130000
08001,43102130000
08003,911621000
08005,66677000000
08007,773198000
08009,143068000
08011,175288000
08013,39310907000
08014,11043854000
08015,1304751000
08017,356064000
08019,656353000
08021,258666000
08023,125757000
08025,176234000
08027,227483000
08029,1203050000
08031,128544473000
08033,105735000
08035,31178121000
08037,6935486000
08039,1041833000
08041,55117195000
08043,2072525000
08045,5010959000
08047,1018137000
08049,1621958000
08051,1555950000
08053,56373000
08055,323020000
08057,159443000
08059,46222558000
08061,118521000
08063,650697000
08065,563962000
08067,4264000000
08069,28483380000
08071,652594000
08073,500993000
08075,1419089000
08077,9476333000
08079,100109000
08081,1246414000
08083,1453827000
08085,2408079000
08087,2042700000
08089,738815000
08091,309431000
08093,696391000
08095,254463000
08097,3846643000
08099,625292000
08101,8763714000
08103,689583000
08105,579785000
08107,2960825000
08109,219670000
08111,59055000
08113,1080949000
08115,98653000
08117,4340835000
08119,1305252000
08121,188482000
08123,29473373000
08125,611865000
09110,110914256000
09120,33929754000
09130,16096041000
09140,33434994000
09150,5430654000
09160,6465153000
09170,50133476000
09180,24086923000
09190,76343680000
10001,11652246000
10003,75963832000
10005,23355694000
11001,184297673000
12001,20938733000
12003,1053655000
12005,13467099000
12007,975743000
12009,43482320000
12011,173651328000
12013,506138000
12015,9769878000
12017,6980610000
12019,9125045000
12021,36076881000
12023,3522864000
12027,1418857000
12029,425669000
12031,105371260000
12033,24362738000
12035,5147471000
12037,505880000
12039,1707526000
12041,576381000
12043,447344000
12045,652018000
12047,781555000
12049,1475532000
12051,1891289000
12053,7294278000
12055,3825278000
12057,152009857000
12059,562060000
12061,11151906000
12063,1986155000
12065,440624000
12067,305815000
12069,17948846000
12071,54159628000
12073,23568143000
12075,1660421000
12077,492070000
12079,748314000
12081,26347982000
12083,17640543000
12085,12307360000
12086,260837199000
12087,8349784000
12089,4980181000
12091,19003071000
12093,2754409000
12095,160399730000
12097,20398326000
12099,140505730000
12101,24175353000
12103,78130648000
12105,44304039000
12107,3499385000
12109,18621279000
12111,16682829000
12113,7898661000
12115,35891092000
12117,34435347000
12119,7558509000
12121,2103160000
12123,839975000
12125,532688000
12127,29510607000
12129,1161041000
12131,6430291000
12133,943469000
13001,2181454000
13003,362302000
13005,508234000
13007,88229000
13009,1989950000
13011,689960000
13013,3795998000
13015,8646416000
13017,820791000
13019,553203000
13021,11078764000
13023,367081000
13025,371774000
13027,644668000
13029,3404568000
13031,3814867000
13033,3939247000
13035,1057848000
13037,152149000
13039,2762248000
13043,405523000
13045,7905686000
13047,2268697000
13049,288645000
13051,28462557000
13053,2189167000
13055,735667000
13057,13256652000
13059,10824090000
13061,74287000
13063,26281522000
13065,315777000
13067,81868771000
13069,2275710000
13071,2121047000
13073,6218939000
13075,535845000
13077,7675408000
13079,233074000
13081,1376959000
13083,650360000
13085,1551022000
13087,1427720000
13089,59344347000
13091,585027000
13093,413414000
13095,6291281000
13097,8179366000
13099,656672000
13101,53885000
13103,3025250000
13105,998218000
13107,995757000
13109,548348000
13111,1298486000
13113,8271085000
13115,5686541000
13117,16277045000
13119,1502446000
13121,243562683000
13123,1439385000
13125,41253000
13127,6273764000
13129,3381535000
13131,873867000
13133,1241825000
13135,72407992000
13137,2106039000
13139,17999363000
13141,202072000
13143,1402515000
13145,865488000
13147,1270466000
13149,1504168000
13151,11851338000
13153,9930885000
13155,293137000
13157,6517627000
13159,433383000
13161,693684000
13163,728906000
13165,214224000
13167,170676000
13169,651467000
13171,668419000
13173,194171000
13175,2703832000
13177,1099128000
13179,5289294000
13181,182685000
13183,308503000
13185,7135102000
13187,1363438000
13189,875298000
13191,312488000
13193,615540000
13195,884814000
13197,148849000
13199,913095000
13201,277410000
13205,1043919000
13207,1829605000
13209,214352000
13211,1517812000
13213,1887642000
13215,13842168000
13217,4592212000
13219,2564458000
13221,517634000
13223,5182710000
13225,1349550000
13227,1587986000
13229,659208000
13231,510327000
13233,1740318000
13235,374852000
13237,906037000
13239,46646000
13241,851900000
13243,227843000
13245,16816550000
13247,5909413000
13249,155224000
13251,427039000
13253,411054000
13255,3094013000
13257,1440312000
13259,198859000
13261,1263604000
13263,335598000
13265,44939000
13267,920406000
13269,277571000
13271,414939000
13273,316664000
13275,3165692000
13277,2775612000
13279,1516720000
13281,600681000
13283,153458000
13285,5276476000
13287,281358000
13289,331471000
13291,1258073000
13293,976375000
13295,2268103000
13297,4338197000
13299,1906137000
13301,283645000
13303,866801000
13305,1650812000
13307,84453000
13309,159595000
13311,1290647000
13313,7746432000
13315,218635000
13317,500593000
13319,603577000
13321,451444000
15001,12193115000
15003,87066455000
15007,5552396000
15901,12815443000
16001,45454670000
16003,204636000
16005,4410217000
16007,295712000
16009,557621000
16011,2217684000
16013,2519283000
16015,283055000
16017,2545798000
16019,9062316000
16021,658709000
16023,1869804000
16025,117792000
16027,11737629000
16029,1143390000
16031,2637263000
16033,57095000
16035,474146000
16037,257340000
16039,1907593000
16041,635124000
16043,549767000
16045,696050000
16047,1764618000
16049,680203000
16051,1365785000
16053,2003890000
16055,11538865000
16057,2072466000
16059,546067000
16061,223108000
16063,397038000
16065,2007499000
16067,1255049000
16069,3075367000
16071,201008000
16073,677422000
16075,1288582000
16077,560665000
16079,954928000
16081,653118000
16083,5945852000
16085,849476000
16087,664480000
17001,4661117000
17003,273469000
17005,781233000
17007,1974934000
17009,624033000
17011,1597834000
17013,131060000
17015,761466000
17017,883545000
17019,15449512000
17021,1969778000
17023,715458000
17025,699379000
17027,1580525000
17029,3508914000
17031,546440623000
17033,1657059000
17035,1827987000
17037,5661367000
17039,1628745000
17041,1440193000
17043,129734015000
17045,1039014000
17047,320602000
17049,3084193000
17051,770372000
17053,1118516000
17055,1361931000
17057,1138305000
17059,172545000
17061,430872000
17063,6043605000
17065,478277000
17067,824425000
17069,125496000
17071,224458000
17073,2047674000
17075,1424954000
17077,3297425000
17079,645645000
17081,2434004000
17083,672933000
17085,1138449000
17087,328885000
17089,37058271000
17091,8528837000
17093,5408325000
17095,2448651000
17097,82868798000
17099,7670127000
17101,661172000
17103,2173338000
17105,2894929000
17107,1343646000
17109,1455111000
17111,15982773000
17113,16910293000
17115,9053686000
17117,1525271000
17119,16575291000
17121,1757840000
17123,686578000
17125,633778000
17127,508886000
17129,364163000
17131,589642000
17133,1345415000
17135,2020807000
17137,2061535000
17139,980997000
17141,3853438000
17143,16966247000
17145,873312000
17147,719106000
17149,824591000
17151,85082000
17153,222722000
17155,427853000
17157,2022513000
17159,834210000
17161,12607137000
17163,16131374000
17165,1122647000
17167,15668703000
17169,346012000
17171,207793000
17173,1097575000
17175,340014000
17177,2485213000
17179,7835419000
17181,532778000
17183,4180111000
17185,451021000
17187,1097219000
17189,1258552000
17191,679422000
17193,724369000
17195,2977796000
17197,50332938000
17199,3986695000
17201,18797963000
17203,1783290000
18001,2317674000
18003,29086714000
18005,9283850000
18007,623324000
18009,428065000
18011,6412372000
18013,442551000
18015,951516000
18017,1959512000
18019,8558951000
18021,1041618000
18023,2022497000
18025,238553000
18027,2273743000
18029,2600681000
18031,1895295000
18033,3447196000
18035,5403175000
18037,3819568000
18039,20586285000
18041,698212000
18043,4256866000
18045,637537000
18047,773280000
18049,905055000
18051,4452759000
18053,3220089000
18055,903904000
18057,31640795000
18059,4921999000
18061,1704618000
18063,10412016000
18065,2018421000
18067,5497281000
18069,2057321000
18071,3590834000
18073,1967594000
18075,1546086000
18077,2066299000
18079,959682000
18081,8252765000
18083,2501907000
18085,7835521000
18087,2473271000
18089,31242109000
18091,5779515000
18093,1784277000
18095,5525746000
18097,135592874000
18099,2375629000
18101,1635359000
18103,1291251000
18105,9347089000
18107,2228402000
18109,3059405000
18111,504124000
18113,2552524000
18115,129735000
18117,991555000
18119,760254000
18121,533760000
18123,1001933000
18125,693987000
18127,9875314000
18129,5935415000
18131,992403000
18133,1458607000
18135,1258920000
18137,1407510000
18139,764096000
18141,19493411000
18143,948826000
18145,2846152000
18147,1297637000
18149,690378000
18151,1959012000
18153,1162696000
18155,328699000
18157,13688692000
18159,735911000
18161,216335000
18163,15628812000
18165,1134446000
18167,6570535000
18169,1714709000
18171,371048000
18173,3188427000
18175,999597000
18177,3814557000
18179,1577129000
18181,1514343000
18183,2226065000
19001,662553000
19003,265904000
19005,780204000
19007,518495000
19009,472553000
19011,1137117000
19013,10039272000
19015,1293400000
19017,1580731000
19019,1087017000
19021,1938391000
19023,705279000
19025,559921000
19027,1837302000
19029,990895000
19031,811491000
19033,3729490000
19035,1086764000
19037,1087234000
19039,638873000
19041,1539920000
19043,1176802000
19045,2950572000
19047,1117100000
19049,11106538000
19051,407338000
19053,277577000
19055,1257017000
19057,2923864000
19059,1529229000
19061,9159845000
19063,519084000
19065,1074991000
19067,1165407000
19069,789823000
19071,394050000
19073,720763000
19075,731666000
19077,752540000
19079,1116493000
19081,1204021000
19083,1142119000
19085,674638000
19087,1153613000
19089,727355000
19091,598190000
19093,745612000
19095,1274166000
19097,906681000
19099,1522980000
19101,911305000
19103,12640083000
19105,858258000
19107,442568000
19109,1398715000
19111,2263540000
19113,21899205000
19115,930413000
19117,362431000
19119,1425377000
19121,684290000
19123,1192082000
19125,2877638000
19127,2316784000
19129,645309000
19131,994769000
19133,462008000
19135,618965000
19137,557186000
19139,3242090000
19141,1250240000
19143,602104000
19145,810561000
19147,796293000
19149,1997065000
19151,641676000
19153,63823028000
19155,6263240000
19157,1654237000
19159,233698000
19161,793724000
19163,13290551000
19165,1051016000
19167,3920054000
19169,7790105000
19171,847858000
19173,375852000
19175,964859000
19177,294997000
19179,2159794000
19181,1885393000
19183,1863408000
19185,316484000
19187,2759070000
19189,690062000
19191,1353749000
19193,7027889000
19195,484997000
19197,1246622000
20001,702982000
20003,500503000
20005,845250000
20007,228568000
20009,1623421000
20011,748510000
20013,702128000
20015,3836784000
20017,146841000
20019,101001000
20021,1091606000
20023,173697000
20025,279437000
20027,352296000
20029,516426000
20031,927721000
20033,70726000
20035,1697089000
20037,2158327000
20039,222462000
20041,853769000
20043,352300000
20045,7032056000
20047,236041000
20049,102258000
20051,2049817000
20053,310286000
20055,3111688000
20057,3215354000
20059,1167828000
20061,3746631000
20063,280563000
20065,185588000
20067,641564000
20069,997467000
20071,280653000
20073,208858000
20075,422912000
20077,420939000
20079,1761771000
20081,519755000
20083,199405000
20085,507789000
20087,500996000
20089,142513000
20091,67012163000
20093,265365000
20095,333869000
20097,135016000
20099,1081712000
20101,173853000
20103,4051849000
20105,148045000
20107,575626000
20109,224820000
20111,1975461000
20113,2635533000
20115,520595000
20117,704271000
20119,318214000
20121,1433088000
20123,614501000
20125,2996626000
20127,233536000
20129,219394000
20131,666783000
20133,787623000
20135,227146000
20137,357314000
20139,417494000
20141,183767000
20143,149991000
20145,352750000
20147,604462000
20149,1590521000
20151,745487000
20153,179479000
20155,3427836000
20157,395605000
20159,949357000
20161,3813708000
20163,230438000
20165,195569000
20167,356952000
20169,3875290000
20171,551167000
20173,41524850000
20175,1723374000
20177,14583646000
20179,224237000
20181,404761000
20183,220803000
20185,289420000
20187,233908000
20189,496736000
20191,878133000
20193,904675000
20195,177974000
20197,176498000
20199,146465000
20201,292785000
20203,353838000
20205,389003000
20207,96863000
20209,15517250000
21001,570191000
21003,616432000
21005,814693000
21007,354204000
21009,1871161000
21011,260721000
21013,997428000
21015,16775333000
21017,1309367000
21019,3758183000
21021,1763016000
21023,219496000
21025,306890000
21027,540719000
21029,3824260000
21031,409290000
21033,542964000
21035,1913794000
21037,5048421000
21039,264625000
21041,2455887000
21043,670644000
21045,480043000
21047,7865768000
21049,2043333000
21051,454770000
21053,465724000
21055,246098000
21057,252853000
21059,6150868000
21061,250281000
21063,110114000
21065,291944000
21067,28908786000
21069,434846000
21071,1402705000
21073,4573264000
21075,286349000
21077,461409000
21079,431795000
21081,783999000
21083,1753766000
21085,996751000
21087,238918000
21089,1075014000
21091,899665000
21093,7341195000
21095,759846000
21097,710269000
21099,843296000
21101,2756162000
21103,476300000
21105,280382000
21107,2661004000
21109,206910000
21111,78803068000
21113,3050341000
21115,619376000
21117,12391283000
21119,273774000
21121,836798000
21123,313886000
21125,2967312000
21127,538676000
21129,160520000
21131,196848000
21133,538796000
21135,251788000
21137,595569000
21139,519299000
21141,1330755000
21143,332346000
21145,6988910000
21147,348883000
21149,345247000
21151,4436247000
21153,212486000
21155,1275633000
21157,1759795000
21159,290298000
21161,1543293000
21163,1002842000
21165,115006000
21167,1145669000
21169,254002000
21171,454560000
21173,1384248000
21175,377676000
21177,1543682000
21179,2394435000
21181,130601000
21183,1077362000
21185,3011339000
21187,262719000
21189,68918000
21191,410901000
21193,1294541000
21195,2665475000
21197,336655000
21199,3033421000
21201,41724000
21203,431579000
21205,1068076000
21207,1053047000
21209,4504209000
21211,2408058000
21213,1226408000
21215,444689000
21217,1163636000
21219,568772000
21221,464942000
21223,735688000
21225,1145863000
21227,11131000000
21229,468041000
21231,560157000
21233,539424000
21235,1559418000
21237,157357000
21239,1635788000
22001,2067266000
22003,1080471000
22005,12654433000
22007,734607000
22009,1177252000
22011,1971627000
22013,824636000
22015,7656264000
22017,17942732000
22019,18357421000
22021,249316000
22023,1056696000
22025,235238000
22027,515610000
22029,715162000
22031,2894967000
22033,47132325000
22035,165772000
22037,686600000
22039,1176607000
22041,619082000
22043,575962000
22045,3822425000
22047,3436271000
22049,603741000
22051,31829666000
22053,1045726000
22055,19778244000
22057,6287199000
22059,633715000
22061,2776596000
22063,4247104000
22065,463983000
22067,754781000
22069,2046512000
22071,30835434000
22073,9306880000
22075,4006732000
22077,1078567000
22079,7414380000
22081,990177000
22083,857358000
22085,1249010000
22087,1743957000
22089,12724833000
22091,264227000
22093,3330047000
22095,4073478000
22097,3177606000
22099,1972630000
22101,3527628000
22103,17382382000
22105,6435431000
22107,160026000
22109,7138689000
22111,752209000
22113,1949915000
22115,2698392000
22117,1771815000
22119,1561494000
22121,2340180000
22123,236759000
22125,1274432000
22127,702165000
23001,7049945000
23003,3669941000
23005,34616097000
23007,1509130000
23009,3681186000
23011,8569210000
23013,2632648000
23015,1810924000
23017,2576674000
23019,9643476000
23021,765706000
23023,3087937000
23025,2438935000
23027,1998173000
23029,1474205000
23031,13649896000
24001,3542201000
24003,69946072000
24005,73113508000
24009,6248492000
24011,1589731000
24013,8877387000
24015,7154200000
24017,8671815000
24019,1800578000
24021,20352215000
24023,1790479000
24025,17905579000
24027,37129638000
24029,1248345000
24031,117389979000
24033,65163322000
24035,2875433000
24037,10446002000
24039,1230728000
24041,2786680000
24043,9961298000
24045,7087618000
24047,4138096000
24510,65578972000
25001,19298345000
25003,9165163000
25005,36041041000
25007,2109709000
25009,60732738000
25011,3703873000
25013,30597888000
25015,10388690000
25017,240665230000
25019,2107354000
25021,75071231000
25023,36916622000
25025,190778332000
25027,60947229000
26001,263184000
26003,331727000
26005,6699359000
26007,1517342000
26009,854585000
26011,602657000
26013,374485000
26015,2346346000
26017,4724092000
26019,740735000
26021,9718372000
26023,1938449000
26025,9106912000
26027,1897246000
26029,1720737000
26031,911727000
26033,1602948000
26035,1547237000
26037,3167936000
26039,562607000
26041,1635247000
26043,1761845000
26045,7448391000
26047,2559020000
26049,20159547000
26051,698563000
26053,648609000
26055,7470347000
26057,1982243000
26059,2201614000
26061,1588874000
26063,2157937000
26065,23568547000
26067,2329180000
26069,1264999000
26071,419523000
26073,3265619000
26075,9060508000
26077,20706266000
26079,838642000
26081,60316473000
26083,76584000
26085,288926000
26087,3257810000
26089,1131517000
26091,4238659000
26093,10122407000
26095,209836000
26097,692894000
26099,54177053000
26101,1160259000
26103,3596670000
26105,1347252000
26107,1626071000
26109,971196000
26111,7778569000
26113,677711000
26115,8136406000
26117,2158121000
26119,309841000
26121,8392115000
26123,2076671000
26125,143144361000
26127,832889000
26129,787991000
26131,169197000
26133,1110869000
26135,282829000
26137,1497909000
26139,21043679000
26141,482141000
26143,853717000
26145,11009590000
26147,7417446000
26149,2875369000
26151,1746995000
26153,360135000
26155,2377373000
26157,1768657000
26159,3313230000
26161,34591665000
26163,129920105000
26165,1743521000
27001,673651000
27003,20602517000
27005,2058087000
27007,2519091000
27009,2397767000
27011,336438000
27013,5640718000
27015,2006082000
27017,1906926000
27019,7613634000
27021,1362903000
27023,773803000
27025,2241737000
27027,2919096000
27029,393423000
27031,388312000
27033,865084000
27035,4043802000
27037,37138379000
27039,1065175000
27041,2859766000
27043,788396000
27045,877049000
27047,1740083000
27049,3915807000
27051,367023000
27053,193617316000
27055,810300000
27057,968190000
27059,1593186000
27061,2578880000
27063,880986000
27065,548831000
27067,3137673000
27069,222916000
27071,642732000
27073,434989000
27075,564711000
27077,241979000
27079,1243189000
27081,588323000
27083,2099962000
27085,2396536000
27087,249433000
27089,439386000
27091,1428662000
27093,1585742000
27095,1159849000
27097,1500674000
27099,2994929000
27101,721457000
27103,1982707000
27105,1897056000
27107,246190000
27109,15729002000
27111,3284943000
27113,2742701000
27115,994891000
27117,988409000
27119,1694090000
27121,750312000
27123,56256165000
27125,247946000
27127,1490445000
27129,1190012000
27131,4083370000
27133,991693000
27135,1699134000
27137,13873687000
27139,10952036000
27141,4896742000
27143,722262000
27145,12618094000
27147,2874475000
27149,816325000
27151,799853000
27153,1141096000
27155,347534000
27157,1094269000
27159,744468000
27161,1256325000
27163,17077663000
27165,610842000
27167,385545000
27169,2963516000
27171,7314179000
27173,784224000
28001,1248525000
28003,1661186000
28005,389285000
28007,640738000
28009,399603000
28011,1385537000
28013,378407000
28015,147559000
28017,573877000
28019,833505000
28021,860755000
28023,408336000
28025,688540000
28027,859350000
28029,948503000
28031,1022940000
28033,9782580000
28035,4841488000
28037,252084000
28039,652599000
28041,229578000
28043,1176633000
28045,2271152000
28047,12822137000
28049,15444192000
28051,334187000
28053,220886000
28055,22629000
28057,732980000
28059,10873008000
28061,656110000
28063,141397000
28065,263771000
28067,3599777000
28069,358734000
28071,3160128000
28073,2776896000
28075,4840618000
28077,526479000
28079,897195000
28081,6477190000
28083,1453237000
28085,1634536000
28087,3919601000
28089,9942613000
28091,1141888000
28093,1205869000
28095,1315011000
28097,272609000
28099,1524149000
28101,699388000
28103,345547000
28105,2638965000
28107,1415981000
28109,1529950000
28111,439677000
28113,1554114000
28115,1285727000
28117,799352000
28119,118920000
28121,10248160000
28123,1446492000
28125,106623000
28127,941094000
28129,619377000
28131,565152000
28133,862676000
28135,446651000
28137,806747000
28139,898981000
28141,767154000
28143,730669000
28145,1470562000
28147,383292000
28149,3581064000
28151,1775539000
28153,905982000
28155,254567000
28157,201316000
28159,683611000
28161,367687000
28163,1090769000
29001,1104767000
29003,398909000
29005,424630000
29007,1182652000
29009,2069609000
29011,519579000
29013,626462000
29015,612961000
29017,235453000
29019,13934712000
29021,6730853000
29023,2003659000
29025,277392000
29027,2700790000
29029,2351792000
29031,5359218000
29033,419816000
29035,162847000
29037,4298327000
29039,458815000
29041,379456000
29043,2963550000
29045,200953000
29047,17309687000
29049,575078000
29051,7419921000
29053,633294000
29055,964655000
29057,274113000
29059,407532000
29061,263714000
29063,417397000
29065,485690000
29067,286164000
29069,1153996000
29071,6418705000
29073,581398000
29075,301184000
29077,24468856000
29079,390007000
29081,308813000
29083,1061009000
29085,228425000
29087,246277000
29089,295145000
29091,1760887000
29093,370989000
29095,65088886000
29097,7432504000
29099,6905559000
29101,2620530000
29103,162845000
29105,2065787000
29107,1157596000
29109,1343017000
29111,308296000
29113,1859183000
29115,541489000
29117,741912000
29119,981331000
29121,749650000
29123,368049000
29125,243279000
29127,1627001000
29129,136598000
29131,1050729000
29133,425523000
29135,666178000
29137,289018000
29139,479331000
29141,845822000
29143,1369421000
29145,3081772000
29147,1011867000
29149,289088000
29151,608828000
29153,194659000
29155,610642000
29157,1328135000
29159,3341724000
29161,2138274000
29163,684274000
29165,9634949000
29167,1168438000
29169,3007508000
29171,187962000
29173,803646000
29175,1587906000
29177,651349000
29179,227863000
29181,285299000
29183,26418953000
29185,257242000
29186,871339000
29187,2449490000
29189,114807071000
29195,1303916000
29197,181331000
29199,236061000
29201,2219134000
29203,190363000
29205,214147000
29207,1478368000
29209,1131713000
29211,618817000
29213,3722555000
29215,753024000
29217,1137997000
29219,1226142000
29221,579741000
29223,259785000
29225,1256915000
29227,73908000
29229,578801000
29510,40403043000
30001,672545000
30003,1285636000
30005,227406000
30007,306505000
30009,523704000
30011,92127000
30013,5711533000
30015,292455000
30017,695615000
30019,122638000
30021,515127000
30023,431261000
30025,223508000
30027,776741000
30029,7210153000
30031,11875417000
30033,43022000
30035,649659000
30037,32941000
30039,165767000
30041,925320000
30043,392806000
30045,138602000
30047,1354912000
30049,5687584000
30051,323769000
30053,880457000
30055,150844000
30057,651045000
30059,89658000
30061,163613000
30063,9086379000
30065,513928000
30067,898871000
30069,22740000
30071,163814000
30073,302074000
30075,153115000
30077,356495000
30079,62147000
30081,1925783000
30083,1187847000
30085,549267000
30087,1077626000
30089,552158000
30091,240827000
30093,2216126000
30095,725086000
30097,314835000
30099,299936000
30101,488869000
30103,107737000
30105,393985000
30107,107429000
30109,59178000
30111,14022393000
31001,2660995000
31003,776573000
31005,33182000
31007,48742000
31009,50758000
31011,575690000
31013,724860000
31015,139785000
31017,265600000
31019,4460701000
31021,437543000
31023,583981000
31025,1147969000
31027,562212000
31029,433592000
31031,484893000
31033,686678000
31035,469115000
31037,1022719000
31039,1073698000
31041,882262000
31043,2419435000
31045,394777000
31047,2217066000
31049,87631000
31051,480209000
31053,3064103000
31055,73770708000
31057,240772000
31059,559545000
31061,125290000
31063,104152000
31065,300425000
31067,1583468000
31069,106578000
31071,114343000
31073,122870000
31075,48167000
31077,192409000
31079,5285117000
31081,926725000
31083,267369000
31085,94619000
31087,182246000
31089,913311000
31091,38804000
31093,288303000
31095,556937000
31097,252655000
31099,618168000
31101,526343000
31103,52868000
31105,263438000
31107,873862000
31109,28815321000
31111,3306585000
31113,40151000
31115,59794000
31117,33330000
31119,3228404000
31121,554211000
31123,472874000
31125,216372000
31127,1064754000
31129,383720000
31131,1791164000
31133,140925000
31135,407229000
31137,1030656000
31139,737835000
31141,3863876000
31143,467077000
31145,736750000
31147,499314000
31149,133453000
31151,1293492000
31153,13671426000
31155,1090262000
31157,2383527000
31159,1089877000
31161,436738000
31163,157703000
31165,128841000
31167,424949000
31169,535515000
31171,50142000
31173,605333000
31175,385324000
31177,1898148000
31179,804420000
31181,364062000
31183,96905000
31185,1247952000
32001,1639429000
32003,195936289000
32005,4048172000
32007,3994743000
32009,46926000
32011,1297450000
32013,1815207000
32015,920527000
32017,254451000
32019,2367880000
32021,232656000
32023,2670068000
32027,592231000
32029,2769246000
32031,43717096000
32033,1331760000
32510,5376379000
33001,4295767000
33003,3405270000
33005,5175191000
33007,1816037000
33009,9869257000
33011,38132657000
33013,13792335000
33015,32665586000
33017,7984267000
33019,2200275000
34001,19423169000
34003,105804508000
34005,40867224000
34007,34619814000
34009,7801173000
34011,8513548000
34013,76179529000
34015,19111129000
34017,65735570000
34019,9867058000
34021,56806586000
34023,86704508000
34025,52693317000
34027,74395289000
34029,31708748000
34031,29073802000
34033,7363384000
34035,54494111000
34037,6728777000
34039,51947451000
34041,6161707000
35001,54831086000
35003,144190000
35005,2865638000
35006,868066000
35007,623486000
35009,4317233000
35011,110871000
35013,11315252000
35015,11319034000
35017,1406918000
35019,277764000
35021,47348000
35023,254901000
35025,12857883000
35027,894191000
35028,3814572000
35029,1242018000
35031,2893527000
35033,161579000
35035,3794842000
35037,353624000
35039,1378990000
35041,949224000
35043,6129161000
35045,7042616000
35047,1005021000
35049,10086593000
35051,423002000
35053,666152000
35055,1520802000
35057,881314000
35059,178447000
35061,2429515000
36001,46129110000
36003,1954757000
36005,58323409000
36007,12159256000
36009,3918752000
36011,4062578000
36013,6275017000
36015,4774153000
36017,3066396000
36019,4928840000
36021,3464972000
36023,2372114000
36025,3118133000
36027,20301787000
36029,81131829000
36031,2335353000
36033,2709141000
36035,2445881000
36037,3487135000
36039,3656783000
36041,297399000
36043,2359755000
36045,8275565000
36047,145934266000
36049,1658718000
36051,3091659000
36053,3091348000
36055,65111347000
36057,2631721000
36059,130221948000
36061,1006673239000
36063,13570171000
36065,14679920000
36067,42500298000
36069,8917395000
36071,27748499000
36073,1870967000
36075,9256246000
36077,3518319000
36079,5494281000
36081,143131298000
36083,15508277000
36085,23779286000
36087,24441679000
36089,6588378000
36091,16619575000
36093,12310463000
36095,1320360000
36097,709089000
36099,2064190000
36101,5787287000
36103,139014125000
36105,4503856000
36107,2021789000
36109,7966282000
36111,10454133000
36113,6767680000
36115,2640686000
36117,5129939000
36119,120153941000
36121,2368217000
36123,1339941000
37001,9014300000
37003,1196497000
37005,419999000
37007,1165183000
37009,1069343000
37011,890318000
37013,2369178000
37015,797929000
37017,1864174000
37019,8081360000
37021,21262054000
37023,3724357000
37025,12962218000
37027,3307968000
37029,226088000
37031,3739380000
37033,531303000
37035,12403358000
37037,2919380000
37039,1183620000
37041,723036000
37043,328218000
37045,6025325000
37047,1917692000
37049,6912701000
37051,24444527000
37053,1149877000
37055,3087278000
37057,7125063000
37059,1974531000
37061,2914358000
37063,53290883000
37065,1990601000
37067,34372878000
37069,2883508000
37071,11264313000
37073,239972000
37075,329869000
37077,4940852000
37079,626342000
37081,46944911000
37083,1936341000
37085,3965133000
37087,2601131000
37089,6371806000
37091,1076494000
37093,1639789000
37095,230677000
37097,13548219000
37099,2187698000
37101,11573120000
37103,306613000
37105,4261327000
37107,3627123000
37109,4744844000
37111,2766678000
37113,2129760000
37115,632142000
37117,808047000
37119,186113840000
37121,681302000
37123,1469595000
37125,5743342000
37127,7178642000
37129,21041119000
37131,738852000
37133,12501720000
37135,13068681000
37137,377958000
37139,2206320000
37141,2516394000
37143,391640000
37145,2102259000
37147,12528769000
37149,734496000
37151,5991337000
37153,2619003000
37155,5044701000
37157,3845577000
37159,7886078000
37161,2490130000
37163,2548224000
37165,1559944000
37167,2784779000
37169,1756194000
37171,3540033000
37173,916286000
37175,2391317000
37177,125672000
37179,13112505000
37181,1688921000
37183,128428188000
37185,407259000
37187,355690000
37189,3192591000
37191,6769497000
37193,3233540000
37195,5166194000
37197,1333638000
37199,605104000
38001,169160000
38003,853036000
38005,365508000
38007,223992000
38009,586147000
38011,250534000
38013,292860000
38015,7809487000
38017,19104920000
38019,589202000
38021,518762000
38023,273402000
38025,1931499000
38027,221067000
38029,177575000
38031,309104000
38033,118348000
38035,5920286000
38037,104487000
38039,204084000
38041,152049000
38043,188689000
38045,341051000
38047,128414000
38049,278696000
38051,152404000
38053,4354866000
38055,1016292000
38057,1185255000
38059,1977105000
38061,2276891000
38063,233920000
38065,332391000
38067,813366000
38069,267355000
38071,882990000
38073,386955000
38075,232073000
38077,1477961000
38079,595008000
38081,1783516000
38083,68096000
38085,150626000
38087,44749000
38089,3604521000
38091,213034000
38093,1937993000
38095,287486000
38097,633981000
38099,1027020000
38101,5093673000
38103,443746000
38105,7472626000
39001,1066320000
39003,11166792000
39005,2445748000
39007,4396048000
39009,2745183000
39011,3732714000
39013,3543827000
39015,1207241000
39017,29842050000
39019,1823055000
39021,1680441000
39023,6090855000
39025,10606702000
39027,3129882000
39029,4812810000
39031,1662561000
39033,1760434000
39035,135913887000
39037,3389122000
39039,2162498000
39041,19132707000
39043,5355801000
39045,6849195000
39047,2261947000
39049,141972302000
39051,2611887000
39053,2336233000
39055,6127546000
39057,14729584000
39059,3691269000
39061,107275150000
39063,7322911000
39065,1365350000
39067,1575750000
39069,1581990000
39071,1886910000
39073,842643000
39075,3809957000
39077,2991424000
39079,1314490000
39081,4364799000
39083,3085167000
39085,15716591000
39087,2191900000
39089,11122814000
39091,2767359000
39093,15028762000
39095,33399664000
39097,2973661000
39099,12615309000
39101,3595778000
39103,10412969000
39105,506762000
39107,3995046000
39109,6177700000
39111,1192902000
39113,40096997000
39115,516100000
39117,909857000
39119,5128840000
39121,579637000
39123,2597431000
39125,789995000
39127,937164000
39129,2577627000
39131,1597086000
39133,8793056000
39135,1562751000
39137,1689853000
39139,6004518000
39141,3868624000
39143,4098582000
39145,3481631000
39147,2753349000
39149,4067113000
39151,23155954000
39153,40349074000
39155,9686777000
39157,5338105000
39159,6199741000
39161,1726005000
39163,513548000
39165,18761883000
39167,4760394000
39169,8952225000
39171,2187381000
39173,10692029000
39175,1406827000
40001,593321000
40003,410404000
40005,484672000
40007,535013000
40009,1260927000
40011,1385448000
40013,2640665000
40015,1234838000
40017,8255471000
40019,3824848000
40021,1929082000
40023,589195000
40025,263283000
40027,12453235000
40029,300173000
40031,6959394000
40033,208695000
40035,589217000
40037,2855485000
40039,1811630000
40041,1335330000
40043,719708000
40045,1003076000
40047,3895564000
40049,2030876000
40051,4046394000
40053,311008000
40055,126720000
40057,138890000
40059,329005000
40061,442847000
40063,895170000
40065,1482112000
40067,152117000
40069,590626000
40071,2332648000
40073,2798071000
40075,255373000
40077,324151000
40079,1751455000
40081,999357000
40083,1267678000
40085,870592000
40087,2259447000
40089,1762134000
40091,511657000
40093,632622000
40095,725442000
40097,2700193000
40099,687906000
40101,3724086000
40103,844059000
40105,253185000
40107,304220000
40109,73735485000
40111,1163133000
40113,1342743000
40115,1437735000
40117,457498000
40119,4479467000
40121,2330695000
40123,2828293000
40125,2821628000
40127,320125000
40129,430965000
40131,4880754000
40133,978237000
40135,997703000
40137,2926657000
40139,2635464000
40141,183650000
40143,59297961000
40145,1997639000
40147,4792412000
40149,393379000
40151,731048000
40153,1443733000
41001,854511000
41003,6267300000
41005,30434938000
41007,2638224000
41009,2079491000
41011,3270956000
41013,1782976000
41015,963810000
41017,16682815000
41019,5359749000
41021,464584000
41023,373332000
41025,495753000
41027,1794936000
41029,13468756000
41031,1150385000
41033,3924323000
41035,3626753000
41037,481063000
41039,23574282000
41041,2766908000
41043,6881395000
41045,1552941000
41047,23936789000
41049,2101416000
41051,90617607000
41053,3143407000
41055,774026000
41057,1475328000
41059,4551580000
41061,1339653000
41063,626564000
41065,2392971000
41067,63190436000
41069,52310000
41071,5157864000
42001,4729052000
42003,132891899000
42005,2797574000
42007,8032503000
42009,2040603000
42011,26580119000
42013,8000149000
42015,6798065000
42017,48826773000
42019,14517627000
42021,6208141000
42023,267928000
42025,2798297000
42027,11249015000
42029,60160228000
42031,1431875000
42033,4033114000
42035,1963098000
42037,3276472000
42039,3664748000
42041,23098142000
42043,28909442000
42045,42607881000
42047,1830032000
42049,15023861000
42051,5442345000
42053,269719000
42055,8378505000
42057,831103000
42059,4624079000
42061,1677126000
42063,4202047000
42065,1883344000
42067,1025353000
42069,13421381000
42071,39951127000
42073,4199654000
42075,8097401000
42077,31738508000
42079,20580464000
42081,7698456000
42083,2212470000
42085,5514791000
42087,2340397000
42089,9563316000
42091,110422372000
42093,2784723000
42095,20981619000
42097,4733247000
42099,1361626000
42101,134988949000
42103,2003244000
42105,1064567000
42107,6491898000
42109,2202182000
42111,3037840000
42113,326937000
42115,2615998000
42117,2073907000
42119,2510482000
42121,2149235000
42123,1726084000
42125,18671970000
42127,2652215000
42129,19387551000
42131,1865587000
42133,28433485000
44001,2696982000
44003,12418317000
44005,8771344000
44007,46726521000
44009,9767982000
45001,846101000
45003,10364699000
45005,398266000
45007,10558072000
45009,510406000
45011,700844000
45013,12872955000
45015,14302031000
45017,910882000
45019,50461876000
45021,2341786000
45023,1821832000
45025,1901760000
45027,962486000
45029,1497142000
45031,3415744000
45033,1038951000
45035,6706364000
45037,893897000
45039,1422514000
45041,9981118000
45043,4015972000
45045,48737518000
45047,4898796000
45049,692433000
45051,22774481000
45053,2147521000
45055,3416986000
45057,5253075000
45059,2913878000
45061,507305000
45063,19752180000
45065,330694000
45067,900736000
45069,965237000
45071,2034044000
45073,5242540000
45075,4007321000
45077,6019152000
45079,37437887000
45081,643173000
45083,22979816000
45085,6287811000
45087,904840000
45089,1066621000
45091,19234632000
46003,155797000
46005,1235517000
46007,142667000
46009,284430000
46011,3061772000
46013,3155414000
46015,335716000
46017,95476000
46019,474781000
46021,103498000
46023,599592000
46025,337406000
46027,877068000
46029,2110638000
46031,121118000
46033,397639000
46035,1724652000
46037,380745000
46039,553021000
46041,270552000
46043,269006000
46045,257313000
46047,372043000
46049,169324000
46051,831002000
46053,237714000
46055,132838000
46057,424773000
46059,282364000
46061,217246000
46063,90683000
46065,1660528000
46067,555451000
46069,173002000
46071,107211000
46073,171834000
46075,85485000
46077,370004000
46079,934408000
46081,1847820000
46083,8822794000
46085,194330000
46087,406203000
46089,140969000
46091,453753000
46093,1304608000
46095,71100000
46097,176734000
46099,22447462000
46101,485785000
46102,432735000
46103,8688330000
46105,175636000
46107,149160000
46109,562985000
46111,157643000
46115,549077000
46117,186137000
46119,108449000
46121,312791000
46123,353206000
46125,612666000
46127,2261372000
46129,319294000
46135,1758949000
46137,56063000
47001,7857718000
47003,2920940000
47005,587498000
47007,361542000
47009,9078870000
47011,6669180000
47013,1448809000
47015,430559000
47017,949298000
47019,1556111000
47021,1921152000
47023,524146000
47025,1099504000
47027,329892000
47029,1210295000
47031,4183606000
47033,760941000
47035,2729663000
47037,116878829000
47039,456719000
47041,882911000
47043,2981493000
47045,2387258000
47047,2044105000
47049,769007000
47051,1833359000
47053,2016657000
47055,1601291000
47057,753649000
47059,3396401000
47061,343516000
47063,4643148000
47065,37279203000
47067,124461000
47069,820820000
47071,1377335000
47073,2436406000
47075,1331440000
47077,1063749000
47079,1722545000
47081,716255000
47083,213593000
47085,1137844000
47087,291027000
47089,2445587000
47091,596001000
47093,43622858000
47095,150507000
47097,954131000
47099,1584901000
47101,495383000
47103,1714193000
47105,3116889000
47107,2685079000
47109,786671000
47111,848881000
47113,8548148000
47115,1191804000
47117,1606228000
47119,7114993000
47121,352749000
47123,2217178000
47125,9432892000
47127,625070000
47129,461166000
47131,1687845000
47133,812075000
47135,280054000
47137,210859000
47139,482587000
47141,5269488000
47143,2982119000
47145,3535652000
47147,3878142000
47149,27629693000
47151,699515000
47153,466061000
47155,7757228000
47157,88404225000
47159,842870000
47161,1163645000
47163,11879534000
47165,11893131000
47167,1763355000
47169,305062000
47171,813087000
47173,471934000
47175,134194000
47177,2003197000
47179,9174144000
47181,545589000
47183,1407341000
47185,1085099000
47187,38775668000
47189,10173782000
48001,2737991000
48003,5214513000
48005,4478455000
48007,961345000
48009,428677000
48011,106183000
48013,4829994000
48015,2381073000
48017,626048000
48019,550402000
48021,4319503000
48023,234876000
48025,1101328000
48027,26057405000
48029,159588712000
48031,711252000
48033,1075246000
48035,856906000
48037,5214488000
48039,23375756000
48041,15745408000
48043,611319000
48045,84788000
48047,312032000
48049,2018423000
48051,1254714000
48053,2728129000
48055,1559019000
48057,5126816000
48059,552729000
48061,17386891000
48063,538564000
48065,1439602000
48067,1478115000
48069,1122015000
48071,3740246000
48073,2079935000
48075,342398000
48077,433137000
48079,291099000
48081,293857000
48083,280517000
48085,115357858000
48087,104386000
48089,1206632000
48091,12084370000
48093,671955000
48095,290370000
48097,3432838000
48099,2244424000
48101,148271000
48103,1124637000
48105,788384000
48107,259193000
48109,3827225000
48111,1021999000
48113,389402358000
48115,1524275000
48117,2144337000
48119,179081000
48121,64328703000
48123,4392575000
48125,115399000
48127,3641222000
48129,173180000
48131,346579000
48133,905985000
48135,16516019000
48137,76303000
48139,10768440000
48141,53332906000
48143,2487069000
48145,669023000
48147,1542465000
48149,2143210000
48151,422500000
48153,387876000
48155,123222000
48157,49615352000
48159,657871000
48161,1277938000
48163,1480278000
48165,2325781000
48167,26336617000
48169,281558000
48171,1783630000
48173,4912628000
48175,355311000
48177,3676091000
48179,1442302000
48181,8370061000
48183,10511305000
48185,1501227000
48187,14545984000
48189,1765637000
48191,105819000
48193,385907000
48195,901522000
48197,267741000
48199,1853272000
48201,592750582000
48203,5675679000
48205,1246367000
48207,427349000
48209,15303461000
48211,439848000
48213,2783746000
48215,31357426000
48217,1721391000
48219,1916392000
48221,3550404000
48223,2661677000
48225,1324619000
48227,10018393000
48229,214607000
48231,6482879000
48233,10200146000
48235,984644000
48237,468351000
48239,772133000
48241,1418854000
48243,105201000
48245,27102208000
48247,216279000
48249,1854944000
48251,9608658000
48253,599546000
48255,7031215000
48257,6966835000
48259,3532092000
48261,266747000
48263,296483000
48265,3192528000
48267,199774000
48269,114317000
48271,162449000
48273,1563473000
48275,299042000
48277,3585462000
48279,1006062000
48281,766090000
48283,3997813000
48285,1525104000
48287,1373491000
48289,1147462000
48291,3304657000
48293,2179035000
48295,623691000
48297,2817975000
48299,1152296000
48301,11482263000
48303,19822420000
48305,353450000
48307,439788000
48309,18479147000
48311,2212757000
48313,741473000
48315,392963000
48317,16187329000
48319,155595000
48321,2904798000
48323,2534157000
48325,1584940000
48327,61654000
48329,41546798000
48331,951142000
48333,350700000
48335,467583000
48337,798429000
48339,50078587000
48341,4992641000
48343,868830000
48345,48938000
48347,3746918000
48349,2377616000
48351,576325000
48353,1200589000
48355,27851611000
48357,1029449000
48359,404456000
48361,5864298000
48363,1287075000
48365,2361143000
48367,7566049000
48369,1416392000
48371,2675290000
48373,1866374000
48375,11378321000
48377,359575000
48379,344504000
48381,6117238000
48383,5146751000
48385,104714000
48387,441771000
48389,14272302000
48391,484335000
48393,183499000
48395,3271418000
48397,7865980000
48399,432033000
48401,2792844000
48403,393813000
48405,780296000
48407,522737000
48409,3781424000
48411,201871000
48413,188700000
48415,2184494000
48417,301635000
48419,1987568000
48421,657863000
48423,16657238000
48425,1718275000
48427,1559174000
48429,489038000
48431,281901000
48433,141618000
48435,240738000
48437,672257000
48439,178003332000
48441,9865588000
48443,57055000
48445,610227000
48447,205644000
48449,2752218000
48451,8573455000
48453,202653490000
48455,349505000
48457,683005000
48459,1152236000
48461,7556841000
48463,1256569000
48465,2483962000
48467,1935400000
48469,6210408000
48471,3147981000
48473,6168074000
48475,5273261000
48477,3021832000
48479,16130853000
48481,2721579000
48483,394205000
48485,7674286000
48487,1005298000
48489,684467000
48491,44609827000
48493,1705465000
48495,2288739000
48497,4249536000
48499,2098814000
48501,2525201000
48503,1359752000
48505,668376000
48507,934963000
49001,586522000
49003,3553223000
49005,9088221000
49007,1283641000
49009,146409000
49011,23321544000
49013,1858136000
49015,1455689000
49017,417192000
49019,938917000
49021,3193337000
49023,894939000
49025,586159000
49027,1494127000
49029,575445000
49031,131217000
49033,253359000
49035,153846066000
49037,823049000
49039,1505574000
49041,1656953000
49043,6079928000
49045,3249276000
49047,2879001000
49049,47943081000
49051,1875482000
49053,11554806000
49055,160336000
49057,18119626000
50001,2305446000
50003,2382540000
50005,1640810000
50007,16403520000
50009,182879000
50011,2856214000
50013,264956000
50015,1653776000
50017,1188034000
50019,1562643000
50021,3787056000
50023,5191179000
50025,3097732000
50027,3759287000
51001,2039420000
51007,394683000
51009,1099163000
51011,475560000
51013,49077789000
51017,327016000
51019,2745970000
51021,283471000
51023,1882452000
51025,1197193000
51027,1396753000
51029,697926000
51033,1263236000
51036,358325000
51037,376451000
51041,24002409000
51043,611577000
51045,151981000
51047,2722883000
51049,231862000
51051,850508000
51057,560372000
51061,4154090000
51063,536038000
51065,1258570000
51067,2215915000
51071,923357000
51073,1361331000
51075,4001586000
51077,397981000
51079,680982000
51083,1637780000
51085,9225446000
51087,37564811000
51091,110642000
51093,1653479000
51097,218330000
51099,2903020000
51101,849877000
51103,679095000
51105,566586000
51107,44855034000
51109,3107197000
51111,340524000
51113,521495000
51115,260520000
51117,1601727000
51119,523034000
51125,700333000
51127,1080735000
51131,682139000
51133,478308000
51135,700559000
51137,1620375000
51139,891976000
51141,534990000
51145,1259984000
51147,995469000
51155,1890875000
51157,389844000
51159,396194000
51167,903730000
51169,610155000
51171,2270220000
51173,1349452000
51179,8345038000
51181,1485320000
51183,439003000
51185,1715826000
51187,2557193000
51193,665998000
51197,1891175000
51510,18000090000
51550,15246579000
51650,9153841000
51700,18793031000
51710,26766672000
51740,7777384000
51760,35105659000
51770,10060668000
51800,5716324000
51810,32879166000
51901,17628007000
51903,1104904000
51907,7200737000
51911,9874108000
51913,1307956000
51918,4135275000
51919,177534419000
51921,9856542000
51923,1999831000
51929,3039067000
51931,7584067000
51933,7786162000
51939,4824472000
51941,5241494000
51942,31739547000
51944,8249854000
51945,1818261000
51947,10661178000
51949,1020517000
51951,10208116000
51953,4509372000
51955,2163459000
51958,3996744000
53001,1442850000
53003,984824000
53005,16919154000
53007,7131873000
53009,3824896000
53011,33424754000
53013,498101000
53015,7230651000
53017,2849723000
53019,278576000
53021,5777365000
53023,220644000
53025,8582739000
53027,3829348000
53029,4664275000
53031,1865884000
53033,477154354000
53035,18349039000
53037,2641203000
53039,2329106000
53041,5122314000
53043,685106000
53045,2457985000
53047,2352670000
53049,1033442000
53051,767715000
53053,64941171000
53055,1233411000
53057,9574268000
53059,432412000
53061,61969883000
53063,40044301000
53065,1754272000
53067,21563339000
53069,132762000
53071,4582911000
53073,20639594000
53075,3378484000
53077,13348165000
54001,781125000
54003,6086768000
54005,1087509000
54007,417247000
54009,1316858000
54011,6662530000
54013,148645000
54015,213327000
54017,665188000
54019,1577557000
54021,230273000
54023,618756000
54025,1454061000
54027,562588000
54029,1248575000
54031,1029883000
54033,6047637000
54035,1065621000
54037,3037044000
54039,14447639000
54041,724108000
54043,333373000
54045,2101201000
54047,727825000
54049,3048466000
54051,3675795000
54053,1093491000
54055,2336526000
54057,1072905000
54059,967852000
54061,9410922000
54063,309408000
54065,412670000
54067,883179000
54069,5056663000
54071,232574000
54073,574900000
54075,352548000
54077,1012032000
54079,3831697000
54081,4532090000
54083,1144594000
54085,715813000
54087,366507000
54089,271178000
54091,853948000
54093,405906000
54095,1454307000
54097,1053405000
54099,1347424000
54101,179223000
54103,1371215000
54105,92779000
54107,4742729000
54109,1087065000
55001,760907000
55003,929137000
55005,2993765000
55007,586789000
55009,25708818000
55011,730944000
55013,750878000
55015,2314602000
55017,3854267000
55019,1919301000
55021,4274101000
55023,902395000
55025,62805670000
55027,5047693000
55029,1999737000
55031,2401917000
55033,2580986000
55035,8430251000
55037,172011000
55039,6749318000
55041,430323000
55043,2998992000
55045,2497277000
55047,904244000
55049,1660270000
55051,235342000
55053,1372133000
55055,4923014000
55057,1232965000
55059,10427570000
55061,1081895000
55063,9934220000
55065,931893000
55067,1012194000
55069,1744470000
55071,5402244000
55073,11882101000
55075,2380718000
55077,587629000
55078,219216000
55079,78804158000
55081,3006155000
55083,1351476000
55085,2431611000
55087,17223719000
55089,7073476000
55091,384591000
55093,1544637000
55095,2185050000
55097,5836351000
55099,742889000
55101,11724471000
55103,1003698000
55105,10849146000
55107,726751000
55109,6014624000
55111,5577205000
55113,966497000
55115,1743509000
55117,9430969000
55119,1109066000
55121,1888643000
55123,1540413000
55125,1342438000
55127,6422650000
55129,799536000
55131,9202250000
55133,42029760000
55135,2506755000
55137,919431000
55139,13881100000
55141,5263420000
56001,2359534000
56003,767530000
56005,6628397000
56007,1915586000
56009,2012274000
56011,458132000
56013,2121494000
56015,591725000
56017,301211000
56019,562223000
56021,8439115000
56023,1288203000
56025,6881718000
56027,166376000
56029,2174113000
56031,663401000
56033,2313875000
56035,937171000
56037,4010134000
56039,4915523000
56041,1114667000
56043,446511000
56045,429228000
